zone,lead_days,season,sample_count,baseline_mae_mm,model_mae_mm,mae_diff_mm,skill_score,baseline_rmse_mm,model_rmse_mm,status
Karnataka,1,Monsoon,120,1.0954,0.8812,0.2142,0.1955,2.2753,1.3265,IMPROVED
Karnataka,1,Post-Monsoon,124,0.5361,0.3989,0.1373,0.256,0.8466,0.7582,IMPROVED
Karnataka,1,Pre-Monsoon,368,0.7729,0.5187,0.2541,0.3288,1.915,1.2623,IMPROVED
Karnataka,1,Winter,236,0.6035,0.0514,0.5521,0.9149,0.9957,0.1402,IMPROVED
Karnataka,2,Monsoon,120,1.5916,1.2545,0.3371,0.2118,2.7346,1.9089,IMPROVED
Karnataka,2,Post-Monsoon,124,0.9917,0.4674,0.5243,0.5287,1.6146,0.9134,IMPROVED
Karnataka,2,Pre-Monsoon,368,1.4044,0.7224,0.682,0.4856,2.588,1.6134,IMPROVED
Karnataka,2,Winter,236,1.021,0.0576,0.9634,0.9436,1.7379,0.1591,IMPROVED
Karnataka,3,Monsoon,120,1.8305,1.2795,0.551,0.301,2.8557,1.9492,IMPROVED
Karnataka,3,Post-Monsoon,124,1.3879,0.5442,0.8437,0.6079,2.2083,1.1057,IMPROVED
Karnataka,3,Pre-Monsoon,368,1.6813,0.8765,0.8048,0.4787,2.8466,1.9107,IMPROVED
Karnataka,3,Winter,236,1.7023,0.0692,1.6331,0.9593,2.8563,0.2637,IMPROVED
Karnataka,4,Monsoon,120,2.2917,1.8583,0.4335,0.1892,3.255,2.6148,IMPROVED
Karnataka,4,Post-Monsoon,124,2.0315,0.6456,1.386,0.6822,3.4071,1.657,IMPROVED
Karnataka,4,Pre-Monsoon,368,2.5568,1.1513,1.4055,0.5497,4.0896,2.371,IMPROVED
Karnataka,4,Winter,236,1.8772,0.0523,1.8249,0.9721,3.2765,0.1575,IMPROVED
Karnataka,5,Monsoon,120,2.7467,2.2206,0.5261,0.1915,3.6185,3.0206,IMPROVED
Karnataka,5,Post-Monsoon,124,2.0417,0.6012,1.4405,0.7055,3.36,1.4504,IMPROVED
Karnataka,5,Pre-Monsoon,368,2.9889,1.3627,1.6261,0.5441,4.951,2.7172,IMPROVED
Karnataka,5,Winter,236,2.5619,0.0617,2.5001,0.9759,4.278,0.1788,IMPROVED
Maharashtra,1,Monsoon,150,1.5115,1.1544,0.3571,0.2362,3.333,3.4498,IMPROVED
Maharashtra,1,Post-Monsoon,155,0.5253,0.233,0.2923,0.5565,0.8296,0.5267,IMPROVED
Maharashtra,1,Pre-Monsoon,460,0.696,0.5326,0.1634,0.2347,1.8125,3.3575,IMPROVED
Maharashtra,1,Winter,295,0.5383,0.0408,0.4975,0.9242,0.9121,0.1188,IMPROVED
Maharashtra,2,Monsoon,150,1.9051,1.3294,0.5757,0.3022,3.5924,3.582,IMPROVED
Maharashtra,2,Post-Monsoon,155,1.0473,0.3505,0.6968,0.6654,1.7746,0.7566,IMPROVED
Maharashtra,2,Pre-Monsoon,460,1.2732,0.7353,0.5378,0.4224,2.5137,3.5684,IMPROVED
Maharashtra,2,Winter,295,1.0556,0.0571,0.9985,0.9459,1.731,0.2373,IMPROVED
Maharashtra,3,Monsoon,150,2.135,1.8199,0.3151,0.1476,3.8016,4.2724,IMPROVED
Maharashtra,3,Post-Monsoon,155,1.5641,0.3134,1.2507,0.7996,2.5482,0.6497,IMPROVED
Maharashtra,3,Pre-Monsoon,460,1.6421,0.8135,0.8286,0.5046,2.849,3.5749,IMPROVED
Maharashtra,3,Winter,295,1.4074,0.0458,1.3616,0.9674,2.3583,0.1834,IMPROVED
Maharashtra,4,Monsoon,150,2.4851,1.949,0.5361,0.2157,3.8464,4.3468,IMPROVED
Maharashtra,4,Post-Monsoon,155,1.7921,0.3806,1.4115,0.7876,2.835,0.8116,IMPROVED
Maharashtra,4,Pre-Monsoon,460,2.2413,0.9275,1.3138,0.5862,3.8021,3.7361,IMPROVED
Maharashtra,4,Winter,295,2.0612,0.0812,1.98,0.9606,3.3879,0.4154,IMPROVED
Maharashtra,5,Monsoon,150,2.7076,2.0517,0.6559,0.2423,3.9794,4.2672,IMPROVED
Maharashtra,5,Post-Monsoon,155,2.2125,0.3126,1.8999,0.8587,3.7193,0.6876,IMPROVED
Maharashtra,5,Pre-Monsoon,460,3.0585,1.1204,1.9382,0.6337,4.8351,3.943,IMPROVED
Maharashtra,5,Winter,295,2.9147,0.0468,2.868,0.984,4.7085,0.1369,IMPROVED
Telangana,1,Monsoon,120,0.7115,0.5612,0.1503,0.2113,0.9972,0.6972,IMPROVED
Telangana,1,Post-Monsoon,124,0.5694,0.305,0.2644,0.4644,0.8155,0.5114,IMPROVED
Telangana,1,Pre-Monsoon,368,0.6081,0.3275,0.2806,0.4614,0.9951,0.6458,IMPROVED
Telangana,1,Winter,236,0.5612,0.0573,0.5039,0.8978,0.9618,0.113,IMPROVED
Telangana,2,Monsoon,120,0.9393,1.0118,-0.0724,-0.0771,1.4873,1.516,NO IMPROVEMENT
Telangana,2,Post-Monsoon,124,1.0862,0.4604,0.6258,0.5761,1.8086,1.0078,IMPROVED
Telangana,2,Pre-Monsoon,368,1.1072,0.4596,0.6476,0.5849,1.7718,0.8898,IMPROVED
Telangana,2,Winter,236,0.9475,0.0654,0.8821,0.931,1.535,0.2176,IMPROVED
Telangana,3,Monsoon,120,1.6165,1.3429,0.2736,0.1692,2.453,2.012,IMPROVED
Telangana,3,Post-Monsoon,124,1.6156,0.51,1.1056,0.6843,2.534,1.0458,IMPROVED
Telangana,3,Pre-Monsoon,368,1.4214,0.5423,0.8792,0.6185,2.3178,1.1071,IMPROVED
Telangana,3,Winter,236,1.6319,0.0805,1.5515,0.9507,2.6834,0.22,IMPROVED
Telangana,4,Monsoon,120,1.5143,1.3322,0.1821,0.1202,2.0639,1.8669,IMPROVED
Telangana,4,Post-Monsoon,124,1.651,0.5165,1.1345,0.6871,2.7871,1.0383,IMPROVED
Telangana,4,Pre-Monsoon,368,2.1621,0.7108,1.4513,0.6712,3.3996,1.374,IMPROVED
Telangana,4,Winter,236,2.1878,0.1174,2.0704,0.9464,3.5746,0.2852,IMPROVED
Telangana,5,Monsoon,120,2.5006,1.6917,0.8089,0.3235,3.501,2.3372,IMPROVED
Telangana,5,Post-Monsoon,124,2.5348,0.6406,1.8942,0.7473,3.9339,1.186,IMPROVED
Telangana,5,Pre-Monsoon,368,2.467,0.9096,1.5574,0.6313,4.2092,2.09,IMPROVED
Telangana,5,Winter,236,3.1923,0.141,3.0513,0.9558,4.9079,0.4021,IMPROVED
