dataset,feature,missing_count,missing_percentage,dtype,imputation_strategy
forecasts_raw,lgd_code,0,0.0,str,Zero-fill for rainfall when flagged; median-fill for physical variables if any.
forecasts_raw,panchayat_name,0,0.0,str,Zero-fill for rainfall when flagged; median-fill for physical variables if any.
forecasts_raw,zone,0,0.0,str,Zero-fill for rainfall when flagged; median-fill for physical variables if any.
forecasts_raw,issue_time,0,0.0,str,Zero-fill for rainfall when flagged; median-fill for physical variables if any.
forecasts_raw,valid_time,0,0.0,str,Zero-fill for rainfall when flagged; median-fill for physical variables if any.
forecasts_raw,lead_days,0,0.0,int64,Zero-fill for rainfall when flagged; median-fill for physical variables if any.
forecasts_raw,forecast_rainfall,0,0.0,float64,Zero-fill for rainfall when flagged; median-fill for physical variables if any.
forecasts_raw,forecast_temperature_max,0,0.0,float64,Zero-fill for rainfall when flagged; median-fill for physical variables if any.
forecasts_raw,forecast_temperature_min,0,0.0,float64,Zero-fill for rainfall when flagged; median-fill for physical variables if any.
forecasts_raw,forecast_temperature,0,0.0,float64,Zero-fill for rainfall when flagged; median-fill for physical variables if any.
forecasts_raw,forecast_wind,0,0.0,float64,Zero-fill for rainfall when flagged; median-fill for physical variables if any.
forecasts_raw,forecast_rain_probability,0,0.0,float64,Zero-fill for rainfall when flagged; median-fill for physical variables if any.
forecasts_raw,forecast_grid_elevation,0,0.0,float64,Zero-fill for rainfall when flagged; median-fill for physical variables if any.
forecasts_raw,forecast_source,0,0.0,str,Zero-fill for rainfall when flagged; median-fill for physical variables if any.
observations_raw,lgd_code,0,0.0,str,Zero-fill for rainfall when flagged; median-fill for physical variables if any.
observations_raw,panchayat_name,0,0.0,str,Zero-fill for rainfall when flagged; median-fill for physical variables if any.
observations_raw,zone,0,0.0,str,Zero-fill for rainfall when flagged; median-fill for physical variables if any.
observations_raw,valid_time,0,0.0,str,Zero-fill for rainfall when flagged; median-fill for physical variables if any.
observations_raw,observed_rainfall,0,0.0,float64,Zero-fill for rainfall when flagged; median-fill for physical variables if any.
observations_raw,observed_temperature,0,0.0,float64,Zero-fill for rainfall when flagged; median-fill for physical variables if any.
observations_raw,observed_temp_max,0,0.0,float64,Zero-fill for rainfall when flagged; median-fill for physical variables if any.
observations_raw,observed_temp_min,0,0.0,float64,Zero-fill for rainfall when flagged; median-fill for physical variables if any.
observations_raw,observed_wind,0,0.0,float64,Zero-fill for rainfall when flagged; median-fill for physical variables if any.
observations_raw,observation_source,0,0.0,str,Zero-fill for rainfall when flagged; median-fill for physical variables if any.
panchayats_master,zone,0,0.0,str,Zero-fill for rainfall when flagged; median-fill for physical variables if any.
panchayats_master,state,0,0.0,str,Zero-fill for rainfall when flagged; median-fill for physical variables if any.
panchayats_master,district,0,0.0,str,Zero-fill for rainfall when flagged; median-fill for physical variables if any.
panchayats_master,taluka,0,0.0,str,Zero-fill for rainfall when flagged; median-fill for physical variables if any.
panchayats_master,panchayat_name,0,0.0,str,Zero-fill for rainfall when flagged; median-fill for physical variables if any.
panchayats_master,village_name,0,0.0,str,Zero-fill for rainfall when flagged; median-fill for physical variables if any.
panchayats_master,lgd_code,0,0.0,str,Zero-fill for rainfall when flagged; median-fill for physical variables if any.
panchayats_master,latitude,0,0.0,float64,Zero-fill for rainfall when flagged; median-fill for physical variables if any.
panchayats_master,longitude,0,0.0,float64,Zero-fill for rainfall when flagged; median-fill for physical variables if any.
panchayats_master,elevation_m,0,0.0,int64,Zero-fill for rainfall when flagged; median-fill for physical variables if any.
panchayats_master,slope_deg,0,0.0,float64,Zero-fill for rainfall when flagged; median-fill for physical variables if any.
panchayats_master,aspect_deg,0,0.0,int64,Zero-fill for rainfall when flagged; median-fill for physical variables if any.
panchayats_master,cropland_frac,0,0.0,float64,Zero-fill for rainfall when flagged; median-fill for physical variables if any.
panchayats_master,forest_frac,0,0.0,float64,Zero-fill for rainfall when flagged; median-fill for physical variables if any.
panchayats_master,builtup_frac,0,0.0,float64,Zero-fill for rainfall when flagged; median-fill for physical variables if any.
panchayats_master,water_frac,0,0.0,float64,Zero-fill for rainfall when flagged; median-fill for physical variables if any.
panchayats_master,soil_clay_pct,0,0.0,float64,Zero-fill for rainfall when flagged; median-fill for physical variables if any.
panchayats_master,soil_sand_pct,0,0.0,float64,Zero-fill for rainfall when flagged; median-fill for physical variables if any.
panchayats_master,soil_silt_pct,0,0.0,float64,Zero-fill for rainfall when flagged; median-fill for physical variables if any.
panchayats_master,soil_ph,0,0.0,float64,Zero-fill for rainfall when flagged; median-fill for physical variables if any.
panchayats_master,soil_organic_carbon_pct,0,0.0,float64,Zero-fill for rainfall when flagged; median-fill for physical variables if any.
panchayats_master,soil_type,0,0.0,str,Zero-fill for rainfall when flagged; median-fill for physical variables if any.
